Brand,Name,Color
Abarth,Abarth 595,Gris Record
Abarth,Abarth 595C,Noir Scorpione
Abarth,Abarth 695,Bleu Riva/Gris
Abarth,Abarth 695C,Bleu Riva/Gris
Alfa,Alfa Romeo Giulia,Noir Vulcano
Alfa,Alfa Romeo Giulietta,Gris Stromboli
Audi,Audi A1,Bleu Firmament
Audi,Audi A1,Bleu Utopia/Noir Brillant
Audi,Audi A1 CITYCARVER,Pythongelb/mythosschwarz
Audi,Audi A1 Sportback,Blanc Glacier
Audi,Audi A1 Sportback,Blanc Glacier Métallisé/noir Mythe Métallisé
Audi,Audi A1 Sportback,Gris Chronos / Toit Noir
Audi,Audi A1 Sportback,Gris Chronos Métallisé/Noir Mythe Métallisé
Audi,Audi A1 Sportback,Gris Flèche / Toit Noir
Audi,Audi A1 Sportback,Noir Brillant
Audi,Audi A1 Sportback,Noir Mythic
Audi,Audi A1 Sportback,Red
Audi,Audi A1 Sportback,Rouge Misano Nacré/noir Mythe Métallisé
Audi,Audi A1 Sportback,Rouge Shiraz
Audi,Audi A3 Sportback,Argent Fleuret
Audi,Audi A3 Sportback,Blanc Glacier
Audi,Audi A3 Sportback,Blanc Ibis
Audi,Audi A3 Sportback,Bleu Navarre
Audi,Audi A3 Sportback,Daytonagrau
Audi,Audi A3 Sportback,Gletscherweiß
Audi,Audi A3 Sportback,Gris Dakota
Audi,Audi A3 Sportback,Gris Daytona
Audi,Audi A3 Sportback,Gris Manhattan
Audi,Audi A3 Sportback,Noir Brillant
Audi,Audi A3 Sportback,Noir Mythic
Audi,Audi A3 Sportback,Pythongelb
Audi,Audi A3 Sportback,Silver
Audi,Audi A3 Sportback,Turboblau
Audi,Audi A4,Gris Manhattan
Audi,Audi A4 Allroad,Blanc Ibis
Audi,Audi A4 Avant,Bianco
Audi,Audi A4 Avant,Blanc
Audi,Audi A4 Avant,Gris Daytona Nacré
Audi,Audi A4 Avant,Gris Manhattan
Audi,Audi A6,Brillantschwarz
Audi,Audi E-TRON,Bleu Galaxy
Audi,Audi Q2,Blanc Glacier
Audi,Audi Q2,Blanc Ibis
Audi,Audi Q2,GRIGIO
Audi,Audi Q2,Gris Daytona
Audi,Audi Q2,Gris Nano
Audi,Audi Q2,Gris Quantum
Audi,Audi Q2,Noir Mythic
Audi,Audi Q3,Blanc
Audi,Audi Q3,Blanc Glacier
Audi,Audi Q3,Blanc Ibis
Audi,Audi Q3,Bleu Cosmos
Audi,Audi Q3,Gris Chronos
Audi,Audi Q3,Gris Cronos
Audi,Audi Q3,Gris Daytona
Audi,Audi Q3,Noir Mythic
Audi,Audi Q3 Sportback,Blanc Ibis
Audi,Audi Q3 Sportback,Gris Daytona
Audi,Audi Q3 Sportback,Noir Mythic
Audi,Audi Q3 Sportback,Turboblau
Audi,Audi Q4 E-TRON,Gris Galet
Audi,Audi Q4 e-tron,Gletscherweiß
Audi,Audi Q5,Argent Fleuret
Audi,Audi Q5,Daytonagrau
Audi,Audi Q5,Gris Manhattan
Audi,Audi Q5,Ibisweiß
Audi,Audi Q5,Noir Brillant
Audi,Audi Q5,Noir Mythic
Audi,Audi Q5 SPORTBACK,Navarrablau
Audi,Audi TT,Blanc Ibis
Audi,Audi TT,Gris
BMW,BMW I3,Blanc
BMW,BMW I3,"Mineral Grey avec liserés ""BMW i Blue"""
BMW,BMW I4,Blue
BMW,BMW Série 1,Alpinweiss
BMW,BMW Série 1,BLU
BMW,BMW Série 1,Black Sapphire
BMW,BMW Série 1,Grau Ciel Metallisé
BMW,BMW Série 1,Midnightblau
BMW,BMW Série 1,Mineralgrau
BMW,BMW Série 1,Noir Sapphire
BMW,BMW Série 1,Noir Sapphire Métallisée
BMW,BMW Série 1,Schwarz
BMW,BMW Série 1,Silber Metallic
BMW,BMW Série 1,Skyscraper Grau
BMW,BMW Série 2 Active Tourer,Alpinweiss
BMW,BMW Série 2 Active Tourer,BLU
BMW,BMW Série 2 Active Tourer,Black
BMW,BMW Série 2 Active Tourer,Saphirschwarz
BMW,BMW Série 2 Gran Tourer,Bleu Métallisé Méditerrané
BMW,BMW Série 3,Alpinweiss
BMW,BMW Série 3,Gris Skyscraper
BMW,BMW Série 3,Mineralgrau
BMW,BMW Série 3 Touring,Alpinweiss
BMW,BMW Série 3 Touring,Dravitgrau
BMW,BMW Série 3 Touring,Gris Mineral
BMW,BMW Série 5,BLU
BMW,BMW Série 5,Bleu
BMW,BMW Série 5,Bluestone
BMW,BMW Série 5,Gris
BMW,BMW Série 5 Touring,Carbonschwarz
BMW,BMW Série 5 Touring,Sophistograu
BMW,BMW X1,Alpinweiss
BMW,BMW X1,Argento
BMW,BMW X1,Glaciersilber
BMW,BMW X1,Mineralgrau
BMW,BMW X1,Mineralweiss
BMW,BMW X1,Nero
BMW,BMW X1,Saphirschwarz métallisé
BMW,BMW X2,BLU
BMW,BMW X2,Blanc Alpin
BMW,BMW X2,Noir Schwarz
BMW,BMW X2,Phytonicblau Met
BMW,BMW X2,Saphirschwarz
BMW,BMW X3,Brown
BMW,BMW X3,Gris Sophistaugrau
BMW,BMW X3,Sophistograu
BMW,BMW X4,Alpinweiss
BMW,BMW X4,Glaciersilber
BMW,BMW X5,Noir Sapphire
BMW,BMW X5,Saphirschwarz
Citroën,Citroën Berlingo,Blanc Banquise
Citroën,Citroën C1,Bleu Calvi/Toile Sunrise Red
Citroën,Citroën C1,Rouge Scarlet
Citroën,Citroën C3,Almond Green
Citroën,Citroën C3,Blanc
Citroën,Citroën C3,Blanc Banquise
Citroën,Citroën C3,Blanc Banquise / Noir Onyx
Citroën,Citroën C3,Blanc Banquise / Rouge Aden
Citroën,Citroën C3,Blanc Banquise/Toit Noir Onyx
Citroën,Citroën C3,Blanc Banquise/Toit Rouge Aden
Citroën,Citroën C3,Blanc banquise / toit rouge
Citroën,Citroën C3,Bleu
Citroën,Citroën C3,Bleu Monte Carlo
Citroën,Citroën C3,Cobalt Blue - Rouge Aden
Citroën,Citroën C3,Gris Acier / Noir Onyx
Citroën,Citroën C3,Gris Acier / Toit Noir
Citroën,Citroën C3,Gris Acier/Toit Noir Onyx
Citroën,Citroën C3,Gris Aluminium
Citroën,Citroën C3,Gris Platinium
Citroën,Citroën C3,Gris Platinium / Toit Noir Onyx
Citroën,Citroën C3,Gris Platinium / Toit Rouge
Citroën,Citroën C3,Gris Platinium/toit Noir Onyx
Citroën,Citroën C3,Gris Shark
Citroën,Citroën C3,Noir Perla Nera
Citroën,Citroën C3,Noir Perla Nera / Blanc Opale
Citroën,Citroën C3,Noir Perla Nera/Toit Rouge Aden
Citroën,Citroën C3,Noir Perla Nera/toit Blanc Opale
Citroën,Citroën C3,Rouge Rubi
Citroën,Citroën C3,Sable
Citroën,Citroën C3,Spring Blue/toit Noir Onyx
Citroën,Citroën C3 Aircross,Bleu
Citroën,Citroën C3 Aircross,Cosmic Silver
Citroën,Citroën C3 Aircross,Gris Acier
Citroën,Citroën C3 Aircross,Gris Artense
Citroën,Citroën C3 Aircross,Gris Platinium
Citroën,Citroën C3 Aircross,Misty Grey
Citroën,Citroën C3 Aircross,Natural White
Citroën,Citroën C3 Aircross,Nautile
Citroën,Citroën C3 Aircross,Noir Perla Nera
Citroën,Citroën C3 Aircross,Passion Red
Citroën,Citroën C3 Aircross,Rouge Pepper
Citroën,Citroën C3 Aircross,Spicy Orange
Citroën,Citroën C3 Aircross,Summit White
Citroën,Citroën C3 Picasso,Blanc Banquise
Citroën,Citroën C3 Picasso,Gris Shark
Citroën,Citroën C3 Picasso,Karma
Citroën,Citroën C4,Blanc Banquise
Citroën,Citroën C4,Bleu Encre
Citroën,Citroën C4,Bleu Iceland
Citroën,Citroën C4,Bleu Olbia
Citroën,Citroën C4,Gris Acier
Citroën,Citroën C4,Gris Aluminium
Citroën,Citroën C4,Gris Artense
Citroën,Citroën C4,Gris Platinium
Citroën,Citroën C4,Noir
Citroën,Citroën C4,Noir Perla Nera
Citroën,Citroën C4,Orange Pulse
Citroën,Citroën C4,Rouge Elixir
Citroën,Citroën C4 Aircross,Gris Titanium
Citroën,Citroën C4 CACTUS BUSINESS,Blanc Banquise
Citroën,Citroën C4 CACTUS BUSINESS,Rouge Aden
Citroën,Citroën C4 Cactus,Blanc Banquise
Citroën,Citroën C4 Cactus,Blanc Perle
Citroën,Citroën C4 Cactus,Emeraude Blue
Citroën,Citroën C4 Cactus,GRIGIO
Citroën,Citroën C4 Cactus,Gris Platinium
Citroën,Citroën C4 Cactus,Noir Obsidien
Citroën,Citroën C4 Cactus,Rouge Aden
Citroën,Citroën C4 Cactus,Violet Noctambule
Citroën,Citroën C4 Picasso,Blanc Banquise
Citroën,Citroën C4 Picasso,Gris Acier
Citroën,Citroën C4 Picasso,Gris Aluminium
Citroën,Citroën C4 Picasso,Gris Platinium
Citroën,Citroën C4 Picasso,Gris Shark
Citroën,Citroën C4 SPACETOURER,Blanc Banquise
Citroën,Citroën C4 SPACETOURER,Gris Acier
Citroën,Citroën C4 SPACETOURER,Gris Platinium
Citroën,Citroën C4 SPACETOURER,Noir Onyx
Citroën,Citroën C4 X,Gris Acier
Citroën,Citroën C4 X,Gris Platinium
Citroën,Citroën C5 Aircross,BLANCO NACARADO C3 CAPASE
Citroën,Citroën C5 Aircross,Blanc Banquise
Citroën,Citroën C5 Aircross,Blanc Nacré
Citroën,Citroën C5 Aircross,Bleu Eclipse
Citroën,Citroën C5 Aircross,Emerald Crystal
Citroën,Citroën C5 Aircross,Gris Acier
Citroën,Citroën C5 Aircross,Gris Artense
Citroën,Citroën C5 Aircross,Gris Platinium
Citroën,Citroën C5 Aircross,Noir Perla
Citroën,Citroën C5 Aircross,Noir Perla Nera
Citroën,Citroën C5 Tourer,Noir Perla Nera
Citroën,Citroën C5 X,Blanc Nacré / Toit Noir Perla Nera
Citroën,Citroën C5 X,Bleu Magnetique
Citroën,Citroën C5 X,Gris Amazonite / Noir Perla Nera
Citroën,Citroën C5 X,Gris Artense
Citroën,Citroën C5 X,Gris Platinium
Citroën,Citroën C5 X,Noir Perla Nera
Citroën,Citroën DS 4,Blanc Nacré
Citroën,Citroën GRAND C4 SPACETOURER,Gris Acier
Citroën,Citroën Grand C4 Picasso,GRIGIO
Citroën,Citroën Grand C4 Picasso,Rouge Rubi
Citroën,Citroën Grand C4 Spacetourer,BEIGE SABLE
Citroën,Citroën Grand C4 Spacetourer,Bleu Foret (N)
Citroën,Citroën Jumper Fourgon,Blanc
Citroën,Citroën Jumpy,Blanc
Cupra,Cupra Formentor,Blanc
Cupra,Cupra Formentor,Blanc Candy
Cupra,Cupra Formentor,Blanc Nevada
Cupra,Cupra Formentor,Bleu
Cupra,Cupra Leon,Blanc
Cupra,Cupra Leon,Blanc Candy
DS,DS DS3,Blanc Banquise
DS,DS DS3,Blanc Banquise/Brun Topaze
DS,DS DS3,Blanc Banquise/Noir Onyx
DS,DS DS3,Blanc Nacré /Toit Whisper
DS,DS DS3,Blanc Nacré/Brun Topaze
DS,DS DS3,Blanc Opalin/Whisper
DS,DS DS3,Bleu Encre - Pavillon Noir Onyx
DS,DS DS3,Gris Aluminium/Noir Onyx
DS,DS DS3,Noir Perla Nera/Blanc Opale
DS,DS DS3,Rouge Rubi/noir Onyx
DS,DS DS3 CROSSBACK,Bleu Millenium
DS,DS DS3 CROSSBACK,Bleu Millenium/noir Onyx
DS,DS DS3 CROSSBACK,Cristal Pearl
DS,DS DS3 CROSSBACK,Gris
DS,DS DS3 CROSSBACK,Gris Artense
DS,DS DS3 CROSSBACK,Gris Platinium
DS,DS DS3 CROSSBACK,Noir Perla Nera
DS,DS DS3 Crossback,Blanc
DS,DS DS3 Crossback,Noir Perla Nera (N)
DS,DS DS4,Black
DS,DS DS4,Cristal Pearl / Noir Perla Nera
DS,DS DS4,GREY
DS,DS DS4,Gris Platinium
DS,DS DS4,Noir Perla
DS,DS DS4,Or Cuivré / Noir Perla Nera
DS,DS DS4,Red
DS,DS DS4,Rouge Velvet (N)
DS,DS DS4 CROSSBACK,Blanc Nacré
DS,DS DS4 CROSSBACK,Gris Platinium
DS,DS DS4 CROSSBACK,Noir Perla Nera
DS,DS DS7,Platinum Grey
DS,DS DS7 CROSSBACK,Blanc Banquise
DS,DS DS7 CROSSBACK,Blanc Crystal Pearl
DS,DS DS7 CROSSBACK,Blanc Nacré
DS,DS DS7 CROSSBACK,Cristal Pearl
DS,DS DS7 CROSSBACK,Gris Platinium
DS,DS DS7 CROSSBACK,Noir Perla Nera
DS,DS DS7 Crossback,AZUL ENCRE
DS,DS DS9,Gris Platino
Dacia,Dacia Dokker,Blanc Glacier
Dacia,Dacia Duster,Beige Dune
Dacia,Dacia Duster,Black
Dacia,Dacia Duster,Blanc Glacier
Dacia,Dacia Duster,Bleu Cosmos
Dacia,Dacia Duster,Bleu Iron
Dacia,Dacia Duster,Brun Vison
Dacia,Dacia Duster,GREY
Dacia,Dacia Duster,Gris Comète
Dacia,Dacia Duster,Gris Highland
Dacia,Dacia Duster,Gris Platine
Dacia,Dacia Duster,Noir Nacre
Dacia,Dacia Duster,Orange
Dacia,Dacia Duster,Orange Atacama
Dacia,Dacia JOGGER,Blanc Glacier
Dacia,Dacia JOGGER,Gris Comète
Dacia,Dacia Lodgy,Beige Dune
Dacia,Dacia Lodgy,Blanc
Dacia,Dacia Lodgy,Bleu Azurite
Dacia,Dacia Lodgy,Bleu Cosmos
Dacia,Dacia Lodgy,Gris Comète
Dacia,Dacia Lodgy,Noir Nacre
Dacia,Dacia Logan,Bleu Cosmos
Dacia,Dacia Logan,Bleu Navy
Dacia,Dacia Logan MCV,Brun Vison
Dacia,Dacia Logan MCV,Gris Platine
Dacia,Dacia SPRING,Bleu Cenote
Dacia,Dacia SPRING,Gris Diamond
Dacia,Dacia SPRING,Gris Eclair
Dacia,Dacia Sandero,Blanc Glacier
Dacia,Dacia Sandero,Bleu Azurite
Dacia,Dacia Sandero,Bleu Cosmos
Dacia,Dacia Sandero,Bleu Iron
Dacia,Dacia Sandero,Bleu Navy
Dacia,Dacia Sandero,Brun Vison
Dacia,Dacia Sandero,Gris Comète
Dacia,Dacia Sandero,Gris Highland
Dacia,Dacia Sandero,Gris Moonstone
Dacia,Dacia Sandero,Gris Platine
Dacia,Dacia Sandero,Noir Nacre
Dacia,Dacia Sandero,Rouge Fusion
Dacia,Dacia Sandero,Rouge de feu
Fiat,Fiat 500,Blanc
Fiat,Fiat 500,Blanc Bossanova
Fiat,Fiat 500,Bleu Epic
Fiat,Fiat 500,Bossanova White
Fiat,Fiat 500,Crossover Black
Fiat,Fiat 500,Epic Bleu
Fiat,Fiat 500,Epic Blue
Fiat,Fiat 500,Gris Electroclash
Fiat,Fiat 500,Noir Vesuvio
Fiat,Fiat 500,Onyx Black
Fiat,Fiat 500,Opéra Bordeaux
Fiat,Fiat 500,Pasodoble Red
Fiat,Fiat 500,Tech House Grey
Fiat,Fiat 500,Vert
Fiat,Fiat 500C,Blru Ottanio
Fiat,Fiat 500C,Crossover Black
Fiat,Fiat 500C,Electroclash Grey
Fiat,Fiat 500L,Nero
Fiat,Fiat 500X,Bianco
Fiat,Fiat 500X,Blanc Gelato
Fiat,Fiat 500X,GRIGIO
Fiat,Fiat 500X,Gris Moda
Fiat,Fiat 500X,Ivoire
Fiat,Fiat 500X,Noir Cinema
Fiat,Fiat 500X,Rosso
Fiat,Fiat 500X,Rouge Passione
Fiat,Fiat Panda,Blanc Pastel
Fiat,Fiat Panda,Bleu
Fiat,Fiat Panda,Jaune Sole
Fiat,Fiat Panda,Rouge Bartolini
Fiat,Fiat Scudo,Blanc
Fiat,Fiat TIPO Station Wagon,Noir Cinema
Fiat,Fiat Tipo,Bleu Méditerranée
Fiat,Fiat Tipo,Bronze Magnetico
Fiat,Fiat Tipo,Gris Electroclash
Fiat,Fiat Tipo,Rouge Passione
Fiat,Fiat Tipo SW,Beige
Ford,Ford B-Max,Gris Magnetic
Ford,Ford C-Max,Blanc
Ford,Ford C-Max,Brun Palissandre
Ford,Ford C-Max,Gris Lunaire
Ford,Ford C-Max,Noir Shadow
Ford,Ford Ecosport,Blanc Diamant
Ford,Ford Ecosport,Blanc Glacier
Ford,Ford Ecosport,Rouge Lucid
Ford,Ford Fiesta,Blanc
Ford,Ford Fiesta,Blanc Glacier
Ford,Ford Fiesta,Bleu Azur
Ford,Ford Fiesta,Gris Lunaire
Ford,Ford Fiesta,Rouge Racing
Ford,Ford Focus,Blanc Metropolis
Ford,Ford Focus,Caribou
Ford,Ford Focus,Gris Magnetic
Ford,Ford Focus,Mica Noir Shadow
Ford,Ford Focus SW,Gris Magnetic
Ford,Ford KA,Bleu Caraïbes
Ford,Ford KA+,Gris
Ford,Ford Kuga,Blanc Glacier
Ford,Ford Kuga,Blanc Platinium
Ford,Ford Kuga,Gris Lunaire
Ford,Ford Kuga,Gris Solar
Ford,Ford Kuga,White Platinum
Ford,Ford Mondeo,Blanc Platinium
Ford,Ford Mondeo SW,Blanc
Ford,Ford PUMA,Blanc Glacier
Ford,Ford PUMA,Bleu Island
Ford,Ford PUMA,Gris Magnetic
Ford,Ford PUMA,Gris Solar
Ford,Ford PUMA,Rouge Fantastic
Ford,Ford Puma,Gris
Ford,Ford S-Max,White Platinum
Ford,Ford TRANSIT CONNECT FGN,Blanc Glacier
Ford,Ford Transit,Orange Glow
Honda,Honda CR-V,Gris
Honda,Honda Civic,Blanc Orchidée
Honda,Honda Civic,Gris Sonic
Honda,Honda Civic,Rouge Rallye
Honda,Honda HR-V,Gris
Hyundai,Hyundai BAYON,Noir
Hyundai,Hyundai Bayon,Vert metallique
Hyundai,Hyundai Ioniq,Amazon Grey
Hyundai,Hyundai Ioniq,Fluidic Metal
Hyundai,Hyundai Ioniq,Polar White
Hyundai,Hyundai Kona,CHALK WHITE
Hyundai,Hyundai Kona,Cyber Grey
Hyundai,Hyundai Kona,Galactic Grey
Hyundai,Hyundai Kona,Ignite Red
Hyundai,Hyundai Kona,Phantom Black
Hyundai,Hyundai Kona,Pulse Red
Hyundai,Hyundai Kona,Rouge
Hyundai,Hyundai Tucson,Argent metallique
Hyundai,Hyundai Tucson,Blanc Polaire
Hyundai,Hyundai Tucson,Pepper Gray
Hyundai,Hyundai Tucson,Phantom Black
Hyundai,Hyundai Tucson,Platinium Silver
Hyundai,Hyundai Tucson,Sunset Red
Hyundai,Hyundai i20,Blanc
Hyundai,Hyundai i20,Bleu
Hyundai,Hyundai i20,Gris
Hyundai,Hyundai i30 Fastback,Ara Blue
Hyundai,Hyundai i30 SW,Pepper Gray
Infiniti,Infiniti Q30,Noir
Jaguar,Jaguar E-Pace,Firenze Red
Jaguar,Jaguar XE,Yulong White (Glacier White)
Jaguar,Jaguar XF,Narvick Black (Ebony Black)
Jeep,Jeep Compass,Alpine White/Toit Noir
Jeep,Jeep Compass,Gris
Jeep,Jeep Compass,Gris Clair
Jeep,Jeep Compass,Jazz Blue
Jeep,Jeep Renegade,Alpine White
Jeep,Jeep Renegade,Carbon Black
Jeep,Jeep Renegade,Colorado Red
Jeep,Jeep Renegade,Graphite Gray
Jeep,Jeep Renegade,"Gris ""STING GRAY"""
Jeep,Jeep Renegade,Gris Granite
Jeep,Jeep Renegade,Jet Set Blue
Jeep,Jeep Renegade,Omaha Orange
Jeep,Jeep Renegade,Rouge
Kia,Kia Cee'd,Deluxe White
Kia,Kia Ceed SW,Gris Acier
Kia,Kia Niro,Blanc Céleste
Kia,Kia Niro,Blanc Nacré
Kia,Kia Niro,Gris Galène
Kia,Kia ProCeed,Noir Basalte métallisé
Kia,Kia Rio,Gris Aluminium
Kia,Kia Rio,Noir Ebène
Kia,Kia Sportage,Blanc
Kia,Kia Sportage,Blanc Céleste
Kia,Kia Sportage,Bleu
Kia,Kia Sportage,Gris Canyon
Kia,Kia Sportage,Gris Perle
Kia,Kia Sportage,Rouge Rubis
Kia,Kia XCEED,Blanc Platine
Kia,Kia XCEED,Noir Basalte
Kia,Kia Xceed,Rouge Rubis
Land,Land Rover Discovery Sport,Indus Silver
Land,Land Rover Range Rover Evoque,Blanc Fuji
Land,Land Rover Range Rover Evoque,Noir
Land,Land Rover Range Rover Sport,Gris Corris
Land,Land Rover Velar,Kaikoura Stone
Lexus,Lexus IS,Gris Mercure
Lexus,Lexus RX,Blanc Arctique
Lynk,Lynk & Co 1,Bleu
Lynk,Lynk & Co 1,Noir
MG,MG EHS,Pebble Black
Mazda,Mazda CX-3,Rouge
Mazda,Mazda CX-3,Soul Red
Mazda,Mazda CX-30,Jet Black
Mazda,Mazda CX-5,Meteor Grey
Mazda,Mazda CX-5,Soul Red Crystal
Mazda,Mazda CX-5,Titanium Flash
Mazda,Mazda Mazda 2,Black Metallic
Mazda,Mazda Mazda 6,Marron
Mercedes,Mercedes CLA,Blanc Calcite
Mercedes,Mercedes CLA Shooting Brake,Noir Cosmos
Mercedes,Mercedes CLASSE C BREAK,Gris
Mercedes,Mercedes Classe A,Argent Iridium
Mercedes,Mercedes Classe A,Argent Mojave
Mercedes,Mercedes Classe A,Blanc Calcite
Mercedes,Mercedes Classe A,Blanc Polaire
Mercedes,Mercedes Classe A,Blanc digital
Mercedes,Mercedes Classe A,Bleu Denim
Mercedes,Mercedes Classe A,Gris Montagne
Mercedes,Mercedes Classe A,Noir
Mercedes,Mercedes Classe A,Noir Cosmos
Mercedes,Mercedes Classe A,Rouge
Mercedes,Mercedes Classe A Berline,Blanc digital
Mercedes,Mercedes Classe B,Argent Polaire
Mercedes,Mercedes Classe B,BLU
Mercedes,Mercedes Classe B,Blanc Calcite
Mercedes,Mercedes Classe B,Bleu Denim
Mercedes,Mercedes Classe B,GRIGIO
Mercedes,Mercedes Classe B,Gris Montagne
Mercedes,Mercedes Classe B,Noir Cosmos
Mercedes,Mercedes Classe B,POLAR SILVER
Mercedes,Mercedes Classe C,Gris Sélénite
Mercedes,Mercedes Classe C,Noir
Mercedes,Mercedes Classe C,Noir Obsidienne
Mercedes,Mercedes Classe C Break,Gris Graphite
Mercedes,Mercedes Classe C Break,White
Mercedes,Mercedes Classe X,Noir mÃ©tal KABARASCHWARZ
Mercedes,Mercedes GLA,Argent Iridium
Mercedes,Mercedes GLA,Bleu Cavansite
Mercedes,Mercedes GLA,Gris
Mercedes,Mercedes GLA,Gris Montagne
Mercedes,Mercedes GLA,Noir
Mercedes,Mercedes GLA,Noir Cosmos
Mercedes,Mercedes GLB,Blanc Polaire
Mercedes,Mercedes GLC,Argent Mojave Met
Mercedes,Mercedes GLC,Bleu Cavansite
Mini,Mini Clubman,GREY
Mini,Mini Clubman,MOONWALK GREY
Mini,Mini Clubman,Starlight Blue
Mini,Mini Cooper Cabriolet,Schwarz Metallic
Mini,Mini Countryman,BLU
Mini,Mini Countryman,Lapis Luxury Blue Mini Yours
Mini,Mini Countryman,Melting Silver
Mini,Mini Countryman,Midnight Black Ii / Toit Blanc
Mini,Mini Countryman,Midnight black
Mini,Mini Countryman,Silver
Mini,Mini Mini,British Racing Green mét
Mini,Mini Mini,Chili Red
Mini,Mini Mini,Chili Red / Toit Noir
Mini,Mini Mini,Electric blue
Mini,Mini Mini,Emerald Grey
Mini,Mini Mini,MOONWALK GREY
Mini,Mini Mini,Midnight Black II
Mini,Mini Mini,Midnight Black metallise
Mini,Mini Mini,Midnight black
Mini,Mini Mini,Noir Metallique
Mini,Mini Mini,Pepper White
Mini,Mini Mini,Rouge Chili
Mini,Mini Mini,Thunder Grey
Mini,Mini Mini,White Silver Met
Mitsubishi,Mitsubishi ECLIPSE CROSS,Diamond Red
Mitsubishi,Mitsubishi ECLIPSE CROSS,Gris
Mitsubishi,Mitsubishi Eclipse Cross,Amethyst Black
Mitsubishi,Mitsubishi Eclipse Cross,Polar White
Mitsubishi,Mitsubishi Outlander,Blanc
Nissan,Nissan Juke,Blanc Lunaire
Nissan,Nissan Juke,Bleu Indigo
Nissan,Nissan Juke,Gris
Nissan,Nissan Juke,Gris Perle
Nissan,Nissan Juke,Gris Squale
Nissan,Nissan Juke,Noir Métallisé
Nissan,Nissan Juke,Rouge Magnétique
Nissan,Nissan LEAF 2019,Noir Métallisé
Nissan,Nissan Leaf,Bronze Intense
Nissan,Nissan Leaf,Gris Squale
Nissan,Nissan Micra,Blanc Perle
Nissan,Nissan Micra,Gris
Nissan,Nissan Micra,Gris Acier
Nissan,Nissan Micra,Gris Platine
Nissan,Nissan Qashqai,Blanc Lunaire
Nissan,Nissan Qashqai,Gris Céramique / Toit Noir Métallique
Nissan,Nissan Qashqai,Gris Perle
Nissan,Nissan Qashqai,Gris Squale
Nissan,Nissan Qashqai,Noir Métallisé
Nissan,Nissan Qashqai,Noir métallisé
Nissan,Nissan Qashqai,Rouge Magnétique
Nissan,Nissan Qashqai,Rouge Toscane
Nissan,Nissan X-Trail,Blanc Lunaire
Nissan,Nissan X-Trail,Gris Argent
Nissan,Nissan X-Trail,Gris Squale
Nissan,Nissan X-Trail,Vert Maquis
Opel,Opel Adam,Blanc Glacier
Opel,Opel Adam,Brownian Rhapsody
Opel,Opel Adam,Rouge
Opel,Opel Astra,Black
Opel,Opel Astra,Blanc
Opel,Opel Astra,Bleu Astral
Opel,Opel Astra,Bleu Vertigo
Opel,Opel Astra,Gris
Opel,Opel Astra,Gris Cosmique
Opel,Opel Astra,Gris Mineral
Opel,Opel Astra,Noir
Opel,Opel Astra,Red
Opel,Opel Astra Sports Tourer,Rouge
Opel,Opel Combo Life,Gris Quartz
Opel,Opel Corsa,Blanc Arktis
Opel,Opel Corsa,Bleu Nautique
Opel,Opel Corsa,Gris Artense
Opel,Opel Corsa,Gris Astéroïde
Opel,Opel Corsa,Gris Mineral
Opel,Opel Corsa,Gris Platine
Opel,Opel Corsa,Gris Platinium
Opel,Opel Corsa,Gris Quartz
Opel,Opel Corsa,Noir
Opel,Opel Corsa,Noir Perla Nera
Opel,Opel Corsa,Rouge Kardio
Opel,Opel Corsa,Rouge Piment
Opel,Opel Crossland,Argent
Opel,Opel Crossland,Gris Artense
Opel,Opel Crossland,Gris Pierre de Lune
Opel,Opel Crossland,Gris Quartz
Opel,Opel Crossland,Orange
Opel,Opel Crossland X,Gris
Opel,Opel Crossland X,Gris Mineral
Opel,Opel Crossland X,Rouge
Opel,Opel GRANDLAND,Blanc Arktis
Opel,Opel Grandland,AZUL
Opel,Opel Grandland,Gris Artense
Opel,Opel Grandland X,Blanc Jade
Opel,Opel Grandland X,Bleu Galapagos
Opel,Opel Grandland X,Bleu Topaze
Opel,Opel Grandland X,GRIGIO
Opel,Opel Grandland X,Gris Artense
Opel,Opel Grandland X,Gris Quartz
Opel,Opel Grandland X,Noir Diamant
Opel,Opel Grandland X,Schwarz Metallic
Opel,Opel Grandland X,VIOLET AMETHYSTE
Opel,Opel INSIGNIA GRAND SPORT,Gris Acier Satine
Opel,Opel Insignia,Silver
Opel,Opel Mokka,Electric blue
Opel,Opel Mokka,Gris
Opel,Opel Mokka,Gris Kontrast
Opel,Opel Mokka,Gris Quartz / Toit Noir
Opel,Opel Mokka,Vert
Opel,Opel Mokka,Vert Signal
Opel,Opel Mokka,White
Opel,Opel Mokka X,Blanc Glacier
Opel,Opel Mokka X,Gris
Opel,Opel Mokka X,Gris Acier Satine
Opel,Opel Mokka X,Nero
Peugeot,Peugeot 0,Blanc Banquise
Peugeot,Peugeot 108,Blanc Lipizan
Peugeot,Peugeot 108,Bleu Calvi
Peugeot,Peugeot 108,Gris Carlinite
Peugeot,Peugeot 108,Noir Caldera
Peugeot,Peugeot 108,Noir Metal
Peugeot,Peugeot 108,Rouge Antelope
Peugeot,Peugeot 108,Rouge Scarlet
Peugeot,Peugeot 2008,BLANCO NACARADO C3 CAPASE
Peugeot,Peugeot 2008,Blanc Banquise
Peugeot,Peugeot 2008,Blanc Nacré
Peugeot,Peugeot 2008,Blanc Nacré / Noir Perla Nera
Peugeot,Peugeot 2008,Blue
Peugeot,Peugeot 2008,Emerald Crystal
Peugeot,Peugeot 2008,GREY
Peugeot,Peugeot 2008,GRIGIO
Peugeot,Peugeot 2008,Gris
Peugeot,Peugeot 2008,"Gris ""Spirit Grey"""
Peugeot,Peugeot 2008,Gris Artense
Peugeot,Peugeot 2008,Gris Artense (M)
Peugeot,Peugeot 2008,Gris Platinium
Peugeot,Peugeot 2008,Gris Platinium / Toit Noir
Peugeot,Peugeot 2008,Noir Onyx
Peugeot,Peugeot 2008,Noir Perla Nera
Peugeot,Peugeot 2008,Noir Perla Nera (M)
Peugeot,Peugeot 2008,Orange
Peugeot,Peugeot 2008,Orange Fusion
Peugeot,Peugeot 2008,Red
Peugeot,Peugeot 2008,Rouge
Peugeot,Peugeot 2008,Rouge Elixir
Peugeot,Peugeot 2008,Rouge Tourmaline
Peugeot,Peugeot 2008,Rouge Ultimate
Peugeot,Peugeot 2008,Spirit Grey
Peugeot,Peugeot 2008,Vert Emerald Crystal
Peugeot,Peugeot 208,Blanc Banquise
Peugeot,Peugeot 208,Blanc Banquise (O)
Peugeot,Peugeot 208,Blanc Nacré
Peugeot,Peugeot 208,Blanc Perle
Peugeot,Peugeot 208,Bleu Vertigo
Peugeot,Peugeot 208,Bleu Virtuel
Peugeot,Peugeot 208,Dark Blue
Peugeot,Peugeot 208,Gris
Peugeot,Peugeot 208,Gris Aluminium
Peugeot,Peugeot 208,Gris Artense
Peugeot,Peugeot 208,Gris Hurricane
Peugeot,Peugeot 208,Gris Platinium
Peugeot,Peugeot 208,Gris Platinium / Toit Noir
Peugeot,Peugeot 208,Gris Shark
Peugeot,Peugeot 208,Jaune
Peugeot,Peugeot 208,Jaune Faro
Peugeot,Peugeot 208,Noir Perla Nera
Peugeot,Peugeot 208,Orange Power
Peugeot,Peugeot 208,PURPLE NIGHT
Peugeot,Peugeot 208,Rouge Elixir
Peugeot,Peugeot 208,Rouge Rubi
Peugeot,Peugeot 208 AFFAIRE,Blanc Banquise
Peugeot,Peugeot 3008,Blanc Banquise
Peugeot,Peugeot 3008,Blanc Nacré
Peugeot,Peugeot 3008,Blanc Nacré / Noir Perla Nera
Peugeot,Peugeot 3008,Blanc Nacré / Toit Noir
Peugeot,Peugeot 3008,Bleu Celebes
Peugeot,Peugeot 3008,Bleu Célèbes (M)
Peugeot,Peugeot 3008,Bleu Célèbes / Noir Perla Nera
Peugeot,Peugeot 3008,Bleu Magnetic
Peugeot,Peugeot 3008,Bleu Vertigo
Peugeot,Peugeot 3008,Braun
Peugeot,Peugeot 3008,GRIGIO
Peugeot,Peugeot 3008,Gris
Peugeot,Peugeot 3008,"Gris ""Vapor Grey"""
Peugeot,Peugeot 3008,Gris Amazonite
Peugeot,Peugeot 3008,Gris Amazonite/Noir Perla Nera
Peugeot,Peugeot 3008,Gris Artense
Peugeot,Peugeot 3008,Gris Artense (M)
Peugeot,Peugeot 3008,Gris Artense / Noir Perla Nera
Peugeot,Peugeot 3008,Gris Platinium
Peugeot,Peugeot 3008,Gris Platinium / Noir Perla Nera
Peugeot,Peugeot 3008,Gris Platinium/ Noir Perla Nera
Peugeot,Peugeot 3008,Gris Shark
Peugeot,Peugeot 3008,Metallic Copper / Toit Noir
Peugeot,Peugeot 3008,Metallic Copper/noir Perla Nera
Peugeot,Peugeot 3008,Noir Perla Nera
Peugeot,Peugeot 3008,Noir Perla Nera (M)
Peugeot,Peugeot 3008,Red
Peugeot,Peugeot 3008,Rouge Ultimate
Peugeot,Peugeot 3008,Rouge Ultimate / Noir Perla Nera
Peugeot,Peugeot 3008,Silver
Peugeot,Peugeot 3008,Smart Grey
Peugeot,Peugeot 308,AZUL
Peugeot,Peugeot 308,Black
Peugeot,Peugeot 308,Blanc Banquise
Peugeot,Peugeot 308,Blanc Nacré
Peugeot,Peugeot 308,Bleu Magnetic
Peugeot,Peugeot 308,Bleu Vertigo
Peugeot,Peugeot 308,Dark Blue
Peugeot,Peugeot 308,Green
Peugeot,Peugeot 308,Gris Artense
Peugeot,Peugeot 308,Gris Platinium
Peugeot,Peugeot 308,"Marron ""Rich Oak"""
Peugeot,Peugeot 308,Noir Perla
Peugeot,Peugeot 308,Noir Perla Nera
Peugeot,Peugeot 308,Rouge Ultimate
Peugeot,Peugeot 308,Vert Olivine
Peugeot,Peugeot 308 SW,AZUL - BLEU AVATAR
Peugeot,Peugeot 308 SW,BLANCO BLANQUISE
Peugeot,Peugeot 308 SW,Blanc Nacré
Peugeot,Peugeot 308 SW,Bleu Magnetic
Peugeot,Peugeot 308 SW,Bleu Vertigo
Peugeot,Peugeot 308 SW,Gris Artense
Peugeot,Peugeot 308 SW,Gris Platinium
Peugeot,Peugeot 308 SW,Noir Perla Nera
Peugeot,Peugeot 308 SW,ROJO
Peugeot,Peugeot 408,Gris Titane
Peugeot,Peugeot 408,Noir Perla Nera
Peugeot,Peugeot 5008,Beige Pyrite
Peugeot,Peugeot 5008,Bianco
Peugeot,Peugeot 5008,Blanc Banquise
Peugeot,Peugeot 5008,Blanc Nacré
Peugeot,Peugeot 5008,Blanc Nacré / Toit Noir
Peugeot,Peugeot 5008,Blanc Nacré / Toit Noir Perla Nera
Peugeot,Peugeot 5008,Blanc Nacré/Toit Noir
Peugeot,Peugeot 5008,Bleu Bourrasque
Peugeot,Peugeot 5008,Bleu Celebes
Peugeot,Peugeot 5008,Blue
Peugeot,Peugeot 5008,Emerald Crystal
Peugeot,Peugeot 5008,Emerald Crystal / Noir Perla Nera
Peugeot,Peugeot 5008,Gris Amazonite
Peugeot,Peugeot 5008,Gris Artense
Peugeot,Peugeot 5008,Gris Platinium
Peugeot,Peugeot 5008,Gris Platinium / Noir Perla Nera
Peugeot,Peugeot 5008,Noir Perla
Peugeot,Peugeot 5008,Noir Perla Nera
Peugeot,Peugeot 5008,Noir Perla Nera (M)
Peugeot,Peugeot 5008,Rouge Ultimate
Peugeot,Peugeot 5008,Smart Grey
Peugeot,Peugeot 508,Blanc Nacré
Peugeot,Peugeot 508,Gris Artense
Peugeot,Peugeot 508,Gris Metallique
Peugeot,Peugeot 508,Gris Platinium
Peugeot,Peugeot 508,Gris Platinium (M)
Peugeot,Peugeot 508,Gris Platinum
Peugeot,Peugeot 508 SW,Blanc Banquise
Peugeot,Peugeot 508 SW,Gris Amazonite
Peugeot,Peugeot 508 SW,Gris Artense
Peugeot,Peugeot 508 SW,Noir Perla Nera
Peugeot,Peugeot 508 SW,Noir Perla Nera (M)
Peugeot,Peugeot Boxer,Blanc
Peugeot,Peugeot Partner Fourgon,Rouge Ardent
Peugeot,Peugeot Partner Tepee,Gris Aluminium
Peugeot,Peugeot RCZ,Gris Sidobre
Peugeot,Peugeot RIFTER,Gris Artense
Peugeot,Peugeot RIFTER,Noir Onyx
Peugeot,Peugeot Rifter,Deep Blue (M)
Renault,Renault Arkana,Blanc Perle
Renault,Renault Arkana,Blanc univers
Renault,Renault Arkana,Noir Metal
Renault,Renault Arkana,Orange Valencia
Renault,Renault Arkana,Rouge Flamme
Renault,Renault Arkana,White
Renault,Renault Austral,Blanc Nacré / Toit Noir Etoilé
Renault,Renault Captur,Beige/Toit Cappuccino
Renault,Renault Captur,Blanc Albatre / Toit Noir Etoilé
Renault,Renault Captur,Bleu Celadon / Toit Noir Etoilé
Renault,Renault Captur,Bleu Iron
Renault,Renault Captur,Bleu Iron / Toit Blanc Albatre
Renault,Renault Captur,Bleu Iron / Toit Gris Highland
Renault,Renault Captur,Bleu Iron / Toit noir Etoilé
Renault,Renault Captur,Bleu Ocean
Renault,Renault Captur,Bleu Océan / Toit Noir Etoilé
Renault,Renault Captur,Brun Ivoire
Renault,Renault Captur,Brun Ivoire / Noir Etoilé
Renault,Renault Captur,GREY
Renault,Renault Captur,Gris Cassiopée
Renault,Renault Captur,Gris Cassiopée / Toit Gris Highland
Renault,Renault Captur,Gris Cassiopée / Toit Noir
Renault,Renault Captur,Gris Cassiopée / Toit Noir Etoilé
Renault,Renault Captur,Gris Cassiopée/Noir Etoile
Renault,Renault Captur,Gris Highland
Renault,Renault Captur,Gris Highland / Toit Noir Etoilé
Renault,Renault Captur,Gris Platine / Noir Etoile
Renault,Renault Captur,Gris Platine / Toit Noir
Renault,Renault Captur,Gris Platine / Toit Noir Etoilé
Renault,Renault Captur,Gris Platine /Toit Noir Etoile
Renault,Renault Captur,Ivoire
Renault,Renault Captur,Noir Etoile
Renault,Renault Captur,Noir Etoilé / Toit Gris Highland
Renault,Renault Captur,Noir étoilé
Renault,Renault Captur,Orange Atacama
Renault,Renault Captur,Orange Atacama / Toit Noir Etoilé
Renault,Renault Clio 4,Blanc Glacier
Renault,Renault Clio 4,Bleu de France
Renault,Renault Clio 4,Gris Cassiopée
Renault,Renault Clio 4,Gris Platine
Renault,Renault Clio 4,Gris Titanium
Renault,Renault Clio 4,Gris Urban
Renault,Renault Clio 4,Ivoire
Renault,Renault Clio 4,Noir Etoile
Renault,Renault Clio 4,Rouge Flamme
Renault,Renault Clio 4,Rouge Intens
Renault,Renault Clio 4 Estate,Gris Titanium
Renault,Renault Clio 4 Estate,Noir Etoile
Renault,Renault Clio 5,Blanc Glacier
Renault,Renault Clio 5,Blanc Quartz
Renault,Renault Clio 5,Bleu Iron
Renault,Renault Clio 5,GREY
Renault,Renault Clio 5,Gris Platine
Renault,Renault Clio 5,Gris Schiste
Renault,Renault Clio 5,Gris Titanium
Renault,Renault Clio 5,Noir Etoile
Renault,Renault Clio 5,Orange Valencia
Renault,Renault Clio 5,Rouge Flamme
Renault,Renault Clio Société,Blanc
Renault,Renault Espace,Bianco
Renault,Renault Espace 5,Blanc Nacré
Renault,Renault Espace 5,Gris Cassiopée
Renault,Renault Espace 5,Gris Platine
Renault,Renault Espace 5,Marron Glacé
Renault,Renault Espace 5,Noir Améthyste
Renault,Renault Espace 5,Noir Etoile
Renault,Renault Grand Scénic 4,Beige Dune / Toit Noir
Renault,Renault Grand Scénic 4,Blanc Nacré
Renault,Renault Grand Scénic 4,Bleu Cosmos
Renault,Renault Grand Scénic 4,Gris Cassiopée
Renault,Renault Grand Scénic 4,Gris Platine
Renault,Renault Grand Scénic 4,Gris Platine / Toit Noir
Renault,Renault Grand Scénic 4,Gris Platine / Toit Noir Etoilé
Renault,Renault Kadjar,Beige
Renault,Renault Kadjar,Blanc Nacré
Renault,Renault Kadjar,Bleu Cosmos
Renault,Renault Kadjar,Bleu Iron
Renault,Renault Kadjar,Gris Highland
Renault,Renault Kadjar,Gris Platine
Renault,Renault Kadjar,Gris Titanium
Renault,Renault Kadjar,Nero
Renault,Renault Kadjar,Noir Etoile
Renault,Renault Kadjar,Rouge Flamme
Renault,Renault Kangoo,Blanc
Renault,Renault Kangoo,Rouge Carmin
Renault,Renault Kangoo,White
Renault,Renault Koleos,Blanc
Renault,Renault Koleos,Noir Metal
Renault,Renault Mégane 4,Blanc Glacier
Renault,Renault Mégane 4,Blanc Nacré
Renault,Renault Mégane 4,Bleu berlin
Renault,Renault Mégane 4,Gris Highland
Renault,Renault Mégane 4,Gris Platine
Renault,Renault Mégane 4,Gris Titanium
Renault,Renault Mégane 4,Noir Etoile
Renault,Renault Mégane 4 Estate,BLU
Renault,Renault Mégane 4 Estate,Bleu Cosmos
Renault,Renault Mégane 4 Estate,Bleu Iron
Renault,Renault Mégane 4 Estate,Brun Cuivre Solar
Renault,Renault Mégane 4 Estate,Gris Highland
Renault,Renault Mégane 4 Estate,Gris Platine
Renault,Renault Mégane 4 Estate,Gris Titanium
Renault,Renault Mégane 4 Estate,Noir Etoile
Renault,Renault Mégane E-TECH,Blanc Glacier
Renault,Renault Mégane E-TECH,Bleu Nocturne / Toit gris schiste
Renault,Renault Mégane E-TECH,Gris Schiste / Toit Noir Etoilé
Renault,Renault Scenic 3,Gris Cassiopée
Renault,Renault Scenic 3,Gris Platine
Renault,Renault Scénic 4,Blanc Nacré / Toit Noir
Renault,Renault Scénic 4,Gris Cassiopée / Toit Noir
Renault,Renault Scénic 4,Gris Cassiopée / Toit Noir Etoilé
Renault,Renault Scénic 4,Gris Platine
Renault,Renault Scénic 4,Gris Platine / Toit Noir Etoilé
Renault,Renault Scénic 4,Jaune Miel / Toit Noir
Renault,Renault Scénic 4,Noir Etoile
Renault,Renault Scénic Xmod,Blanc Glacier
Renault,Renault Talisman,Blanc Nacré
Renault,Renault Talisman,Gris Platine
Renault,Renault Talisman,Noir
Renault,Renault Talisman,Noir Etoile
Renault,Renault Talisman Estate,Gris Cassiopée
Renault,Renault Talisman Estate,Gris Platine
Renault,Renault Talisman Estate,Noir Etoile
Renault,Renault Trafic,Blanc
Renault,Renault Twingo,Gris Lunaire
Renault,Renault Twingo 3,Blanc Cristal
Renault,Renault Twingo 3,Blanc Quartz
Renault,Renault Twingo 3,Bleu Dragée
Renault,Renault Twingo 3,Brun Cappuccino
Renault,Renault Twingo 3,Gris Lunaire
Renault,Renault Twingo 3,Noir Etoile
Renault,Renault Twingo 3,Rouge Flamme
Renault,Renault Zoé,Blanc Glacier
Renault,Renault Zoé,Blanc Quartz
Renault,Renault Zoé,Bleu Celadon
Renault,Renault Zoé,Bleu Foudre
Renault,Renault Zoé,Gris
Renault,Renault Zoé,Gris Highland
Renault,Renault Zoé,Gris Titanium
Seat,Seat Arona,Rouge
Seat,Seat Ateca,Grau Metallic
Seat,Seat Ateca,Gris Graphite
Seat,Seat Ateca,Nevada weiß
Seat,Seat Ateca,Noir Magique
Seat,Seat Ibiza,Blanc Nevada
Seat,Seat Ibiza,Rouge
Seat,Seat Leon,Blue Asphalte
Seat,Seat Leon,Gris Pyrénéen
Seat,Seat Leon,Noir
Seat,Seat Leon,Noir Minuit
Seat,Seat Leon,Rouge Passion
Seat,Seat Leon ST,Argento
Seat,Seat Leon ST,Bianco
Seat,Seat Leon ST,Electric blue
Seat,Seat Leon ST,GRIGIO
Seat,Seat Leon ST,Gris Urbain
Seat,Seat Leon X-Perience,Blanc Candy
Skoda,Skoda Fabia,Bleu Racing
Skoda,Skoda Fabia,GREY
Skoda,Skoda Fabia,Gris Météore
Skoda,Skoda Fabia,Noir
Skoda,Skoda Fabia,Noir Magic
Skoda,Skoda Fabia,Rouge Corrida / Toit noir
Skoda,Skoda Fabia Combi,Gris Météore
Skoda,Skoda KAMIQ,Blanc Cristal
Skoda,Skoda KAMIQ,Blanc Lune
Skoda,Skoda KAMIQ,Bleu Energie
Skoda,Skoda Kamiq,Black
Skoda,Skoda Kamiq,Bleu Metallique
Skoda,Skoda Kamiq,Bleu Titan
Skoda,Skoda Kamiq,Gris
Skoda,Skoda Kamiq,Rouge
Skoda,Skoda Kamiq,White
Skoda,Skoda Karoq,Blanc Cristal
Skoda,Skoda Karoq,GREY
Skoda,Skoda Karoq,Gris
Skoda,Skoda Karoq,Gris Business
Skoda,Skoda Karoq,Gris Perle
Skoda,Skoda Karoq,Noir Cristal
Skoda,Skoda Karoq,Noir Magic
Skoda,Skoda Karoq,White
Skoda,Skoda Kodiaq,Beige Cappuccino
Skoda,Skoda Kodiaq,Gris Argent
Skoda,Skoda Octavia,GREY
Skoda,Skoda Octavia Combi,Black
Skoda,Skoda Octavia Combi,Bleu Energie
Skoda,Skoda Octavia Combi,Orange
Skoda,Skoda SCALA,Bleu Racing
Skoda,Skoda Scala,GREY
Skoda,Skoda Scala,Red
Skoda,Skoda Superb Combi,Black
Skoda,Skoda Superb Combi,Black-Magic
Skoda,Skoda Superb Combi,Energy-Blau
Skoda,Skoda Superb Combi,Gris Business
Smart,Smart FORTWO,Rouge Red
Smart,Smart FORTWO CABRIO,Noir
Suzuki,Suzuki Ignis,Bleu
Suzuki,Suzuki S-CROSS,Blanc
Suzuki,Suzuki S-CROSS,Bleu
Suzuki,Suzuki S-CROSS,Bleu Métallisé
Suzuki,Suzuki S-CROSS,Cool white pearl
Suzuki,Suzuki S-CROSS,Cosmic Black Pearl
Suzuki,Suzuki Swift,Boost Blue Pearl
Suzuki,Suzuki VITARA,Bleu
Suzuki,Suzuki VITARA,Cool white pearl
Suzuki,Suzuki Vitara,Ice Grayish Blue / Toit Cosmic Black
Tesla,Tesla MODEL 3,Blanc
Tesla,Tesla MODEL 3,Blanc Nacré Multicouches
Tesla,Tesla MODEL 3,Gris
Tesla,Tesla MODEL 3,Noir
Tesla,Tesla MODEL 3,Noir Uni
Tesla,Tesla MODEL 3,Rouge Multicouches
Tesla,Tesla MODEL S,Azul Oscuro
Tesla,Tesla MODEL S,Midnight Silver
Tesla,Tesla MODEL S,Midnight Silver Metallic
Tesla,Tesla MODEL X,Bleu Outremer Métallisée
Tesla,Tesla MODEL X,Gris Nuit Métallisé
Tesla,Tesla MODEL Y,Blanc Nacré Multicouches
Tesla,Tesla MODEL Y,Noir
Toyota,Toyota Auris,Gris
Toyota,Toyota Aygo,Noir
Toyota,Toyota Aygo X,Bleu Genièvre
Toyota,Toyota Aygo X,Gris Mineral
Toyota,Toyota C-HR,Blanc Lunaire nacré
Toyota,Toyota C-HR,Blanc Nacré
Toyota,Toyota C-HR,Blanc Nacré Perle
Toyota,Toyota C-HR,Blanc Pur
Toyota,Toyota C-HR,Blanc Pur/Toit Noir
Toyota,Toyota C-HR,Blanc Pure
Toyota,Toyota C-HR,Gris
Toyota,Toyota C-HR,Gris Atlas
Toyota,Toyota C-HR,Gris Célestine
Toyota,Toyota C-HR,Gris Platinium
Toyota,Toyota C-HR,Gris Platinium / Toit Noir
Toyota,Toyota C-HR,Noir Intense
Toyota,Toyota C-HR,Rouge Intense/Toit Noir
Toyota,Toyota C-HR,Rouge Rubi + Toit Noir
Toyota,Toyota Corolla,Blanc Pur
Toyota,Toyota Corolla,Gris
Toyota,Toyota Corolla,Gris Aluminium
Toyota,Toyota Corolla,Noir Métallisé
Toyota,Toyota Prius,Blanc Pur
Toyota,Toyota Prius,Bleu Métallisé
Toyota,Toyota Prius,Gris Atlas
Toyota,Toyota Prius+,Noir
Toyota,Toyota RAV 4,Blanc Nacré
Toyota,Toyota RAV 4,Bronze Clarissimo
Toyota,Toyota RAV 4,Gris Atlas
Toyota,Toyota RAV 4,Noir Attitude
Toyota,Toyota RAV 4,Rouge Pourpre
Toyota,Toyota Verso,Gris Aluminium
Toyota,Toyota YARIS CROSS,Or Pur / Toit Noir
Toyota,Toyota Yaris,Blanc Pur
Toyota,Toyota Yaris,Gris Aluminium
Volkswagen,Volkswagen ARTEON SHOOTING BRAKE,Lapiz Blue
Volkswagen,Volkswagen Arteon Shooting Brake,Kings red (rot)
Volkswagen,Volkswagen CADDY FOURGON,Blanc Candy
Volkswagen,Volkswagen CADDY VAN,Blanc Candy
Volkswagen,Volkswagen Caddy,Blanc Candy
Volkswagen,Volkswagen Caddy,Bleu Acapulco
Volkswagen,Volkswagen Caddy,Reflet d?Argent mét
Volkswagen,Volkswagen Coccinelle,Blanc
Volkswagen,Volkswagen Coccinelle,Blanc Pur/Toit Noir Uni
Volkswagen,Volkswagen E-UP,Honey yellow (gelb)
Volkswagen,Volkswagen Golf 7,Blanc
Volkswagen,Volkswagen Golf 7,Blanc Oryx
Volkswagen,Volkswagen Golf 7,Blanc Pur
Volkswagen,Volkswagen Golf 7,Bleu Atlantique
Volkswagen,Volkswagen Golf 7,Bleu Métallisé
Volkswagen,Volkswagen Golf 7,Cranberry Red
Volkswagen,Volkswagen Golf 7,Gris Carbon
Volkswagen,Volkswagen Golf 7,Gris Indium
Volkswagen,Volkswagen Golf 7,Gris Tungsten
Volkswagen,Volkswagen Golf 7,Gris Tungstene
Volkswagen,Volkswagen Golf 7,Noir Intense
Volkswagen,Volkswagen Golf 7,Reflet d'Argent
Volkswagen,Volkswagen Golf 7 SW,Indiumgrau
Volkswagen,Volkswagen Golf 8,Blanc Pur
Volkswagen,Volkswagen Golf 8,Bleu Atlantique
Volkswagen,Volkswagen Golf 8,Deep black (schwarz)
Volkswagen,Volkswagen Golf 8,Delfingrau
Volkswagen,Volkswagen Golf 8,Gris Dauphin
Volkswagen,Volkswagen Golf 8,Gris Urano
Volkswagen,Volkswagen Golf 8,Mondsteingrau
Volkswagen,Volkswagen Golf 8,Noir Intense
Volkswagen,Volkswagen Golf 8,Pure white (weiss)
Volkswagen,Volkswagen Golf 8,Reflet d'Argent métallisée
Volkswagen,Volkswagen Golf 8,Weiß
Volkswagen,Volkswagen Golf SW,Blanc Pur
Volkswagen,Volkswagen Golf Sportsvan,Argento
Volkswagen,Volkswagen Golf Sportsvan,Gris Argent
Volkswagen,Volkswagen Golf Sportsvan,Gris Limestone
Volkswagen,Volkswagen Golf Sportsvan,Noir Intense
Volkswagen,Volkswagen Passat SW,BLU
Volkswagen,Volkswagen Passat SW,Black
Volkswagen,Volkswagen Passat SW,Deep black (schwarz)
Volkswagen,Volkswagen Passat SW,Electric blue
Volkswagen,Volkswagen Passat SW,Gris Indium
Volkswagen,Volkswagen Polo,Blanc Pur
Volkswagen,Volkswagen Polo,Gris Urano
Volkswagen,Volkswagen Polo,Kings red metallic (rot)
Volkswagen,Volkswagen Polo,Noir Intense
Volkswagen,Volkswagen Polo,Orange Energy
Volkswagen,Volkswagen Polo,Reef blue (blau)
Volkswagen,Volkswagen Polo,Reflet d'Argent
Volkswagen,Volkswagen Polo,Silver
Volkswagen,Volkswagen Sharan,Blanc Pur
Volkswagen,Volkswagen T-CROSS,Gris Urano
Volkswagen,Volkswagen T-CROSS,Noir Intense
Volkswagen,Volkswagen T-CROSS,Orange Energetic
Volkswagen,Volkswagen T-CROSS,Rauchgrau
Volkswagen,Volkswagen T-CROSS,Reef Blue
Volkswagen,Volkswagen T-CROSS,Reflet d'Argent
Volkswagen,Volkswagen T-CROSS,Turquoise Makena
Volkswagen,Volkswagen T-Cross,Grau Metallic
Volkswagen,Volkswagen T-Cross,Makena Turquoise Premium Metallic
Volkswagen,Volkswagen T-Cross,Reef Blue Metallic
Volkswagen,Volkswagen T-Cross,Smokey Grey Metallic
Volkswagen,Volkswagen T-Roc,Argent Pyrite / Toit Noir
Volkswagen,Volkswagen T-Roc,Blanc Pur
Volkswagen,Volkswagen T-Roc,Bleu Ravenna
Volkswagen,Volkswagen T-Roc,Gris Ascot
Volkswagen,Volkswagen T-Roc,Gris Indium
Volkswagen,Volkswagen T-Roc,Gris indium/ toit noir
Volkswagen,Volkswagen T-Roc,Indium Grey Metallic
Volkswagen,Volkswagen T-Roc,Indiumgrau
Volkswagen,Volkswagen T-Roc,Indiumgrau/deep black
Volkswagen,Volkswagen T-Roc,Jaune Curcuma
Volkswagen,Volkswagen T-Roc,Kings Red Metallic
Volkswagen,Volkswagen T-Roc,Noir Intense
Volkswagen,Volkswagen T-Roc,Pure white (weiss)
Volkswagen,Volkswagen T-Roc,Ravenna Blue Metallic
Volkswagen,Volkswagen T-Roc,Ravennablau
Volkswagen,Volkswagen T-Roc,Weiß Metallic
Volkswagen,Volkswagen TAIGO,Gris Cendre
Volkswagen,Volkswagen Taigo,Blanc Pur
Volkswagen,Volkswagen Taigo,Rouge Roi
Volkswagen,Volkswagen Tiguan,Blanc Candy
Volkswagen,Volkswagen Tiguan,Blanc Pur
Volkswagen,Volkswagen Tiguan,Delfingrau
Volkswagen,Volkswagen Tiguan,Gris Dauphin
Volkswagen,Volkswagen Tiguan,Gris Tungstene
Volkswagen,Volkswagen Tiguan,Gris poivre
Volkswagen,Volkswagen Tiguan,Noir Intense
Volkswagen,Volkswagen Tiguan,Oryxweiß
Volkswagen,Volkswagen Tiguan,Silver
Volkswagen,Volkswagen Tiguan,White
Volkswagen,Volkswagen Tiguan Allspace,Gris Pyrite
Volkswagen,Volkswagen Tiguan Allspace,White
Volkswagen,Volkswagen Touareg,Gris Silice
Volkswagen,Volkswagen Touran,Atlantik blue (blau)
Volkswagen,Volkswagen Touran,Deep black (schwarz)
Volkswagen,Volkswagen Touran,Noir Intense
Volvo,Volvo V40,Bleu Baltique
Volvo,Volvo V40 Cross Country,Bleu Baltique
Volvo,Volvo XC40,Bleu Denim
Volvo,Volvo XC40,Bleu Eclatant/ Toit Noir
Volvo,Volvo XC40,Noir Onyx
Volvo,Volvo XC60,Noir Onyx
Volvo,Volvo XC90,Bleu Magique
